订单号,下单时间,渠道,菜品名称,数量,实收金额
QZ-20260601-01,2026-06-01 11:03:00,堂食,招牌牛肉面,2,64
QZ-20260601-02,2026-06-01 12:10:00,堂食,红烧肥肠面,1,36
QZ-20260601-03,2026-06-01 13:17:00,美团外卖,番茄鸡蛋面,1,24
QZ-20260601-04,2026-06-01 10:24:00,饿了么,酸辣粉,1,16.4
QZ-20260601-05,2026-06-01 11:31:00,堂食,招牌拌面,1,28
QZ-20260601-06,2026-06-01 12:38:00,堂食,小酥肉,1,26
QZ-20260601-07,2026-06-01 20:45:00,堂食,卤蛋,1,3
QZ-20260601-08,2026-06-01 17:52:00,美团外卖,冰豆浆,1,4.92
QZ-20260601-09,2026-06-01 18:59:00,饿了么,柠檬茶,1,10
QZ-20260601-10,2026-06-01 21:06:00,堂食,双人套餐,1,68
QZ-20260601-11,2026-06-01 13:13:00,堂食,招牌牛肉面,1,32
QZ-20260601-12,2026-06-01 10:20:00,堂食,红烧肥肠面,2,72
QZ-20260601-13,2026-06-01 11:27:00,美团外卖,番茄鸡蛋面,1,19.68
QZ-20260601-14,2026-06-01 12:34:00,饿了么,酸辣粉,1,16.4
QZ-20260601-15,2026-06-01 13:41:00,堂食,招牌拌面,1,28
QZ-20260601-16,2026-06-01 10:48:00,堂食,小酥肉,1,26
QZ-20260601-17,2026-06-01 18:55:00,堂食,卤蛋,1,3
QZ-20260601-18,2026-06-01 19:02:00,美团外卖,冰豆浆,1,6
QZ-20260601-19,2026-06-01 20:09:00,饿了么,柠檬茶,1,8.2
QZ-20260601-20,2026-06-01 21:16:00,堂食,双人套餐,1,68
QZ-20260601-21,2026-06-01 11:23:00,堂食,招牌牛肉面,1,32
QZ-20260601-22,2026-06-01 12:30:00,堂食,红烧肥肠面,1,36
QZ-20260601-23,2026-06-01 13:37:00,美团外卖,番茄鸡蛋面,2,39.36
QZ-20260601-24,2026-06-01 10:44:00,饿了么,酸辣粉,1,20
QZ-20260601-25,2026-06-01 11:51:00,堂食,招牌拌面,1,28
QZ-20260601-26,2026-06-01 12:58:00,堂食,小酥肉,1,23.4
QZ-20260601-27,2026-06-01 20:05:00,堂食,卤蛋,1,3
QZ-20260602-01,2026-06-02 12:06:00,堂食,招牌牛肉面,2,64
QZ-20260602-02,2026-06-02 13:13:00,美团外卖,红烧肥肠面,1,36
QZ-20260602-03,2026-06-02 10:20:00,饿了么,番茄鸡蛋面,1,19.68
QZ-20260602-04,2026-06-02 11:27:00,堂食,酸辣粉,1,20
QZ-20260602-05,2026-06-02 12:34:00,堂食,招牌拌面,1,28
QZ-20260602-06,2026-06-02 13:41:00,堂食,小酥肉,1,26
QZ-20260602-07,2026-06-02 17:48:00,美团外卖,卤蛋,1,2.46
QZ-20260602-08,2026-06-02 18:55:00,饿了么,冰豆浆,1,6
QZ-20260602-09,2026-06-02 19:02:00,堂食,柠檬茶,1,10
QZ-20260602-10,2026-06-02 21:09:00,堂食,双人套餐,1,68
QZ-20260602-11,2026-06-02 10:16:00,堂食,招牌牛肉面,1,32
QZ-20260602-12,2026-06-02 11:23:00,美团外卖,红烧肥肠面,2,59.04
QZ-20260602-13,2026-06-02 12:30:00,饿了么,番茄鸡蛋面,1,19.68
QZ-20260602-14,2026-06-02 13:37:00,堂食,酸辣粉,1,20
QZ-20260602-15,2026-06-02 10:44:00,堂食,招牌拌面,1,28
QZ-20260602-16,2026-06-02 11:51:00,堂食,小酥肉,1,26
QZ-20260602-17,2026-06-02 19:58:00,美团外卖,卤蛋,1,3
QZ-20260602-18,2026-06-02 20:05:00,饿了么,冰豆浆,1,4.92
QZ-20260602-19,2026-06-02 17:12:00,堂食,柠檬茶,1,10
QZ-20260602-20,2026-06-02 21:19:00,堂食,双人套餐,1,68
QZ-20260602-21,2026-06-02 12:26:00,堂食,招牌牛肉面,1,32
QZ-20260602-22,2026-06-02 13:33:00,美团外卖,红烧肥肠面,1,29.52
QZ-20260602-23,2026-06-02 10:40:00,饿了么,番茄鸡蛋面,2,48
QZ-20260602-24,2026-06-02 11:47:00,堂食,酸辣粉,1,20
QZ-20260602-25,2026-06-02 12:54:00,堂食,招牌拌面,1,25.2
QZ-20260602-26,2026-06-02 13:01:00,堂食,小酥肉,1,26
QZ-20260602-27,2026-06-02 17:08:00,美团外卖,卤蛋,1,2.46
QZ-20260602-28,2026-06-02 18:15:00,饿了么,冰豆浆,1,4.92
QZ-20260603-01,2026-06-03 13:09:00,美团外卖,招牌牛肉面,2,64
QZ-20260603-02,2026-06-03 10:16:00,饿了么,红烧肥肠面,1,29.52
QZ-20260603-03,2026-06-03 11:23:00,堂食,番茄鸡蛋面,1,24
QZ-20260603-04,2026-06-03 12:30:00,堂食,酸辣粉,1,20
QZ-20260603-05,2026-06-03 13:37:00,堂食,招牌拌面,1,28
QZ-20260603-06,2026-06-03 10:44:00,美团外卖,小酥肉,1,21.32
QZ-20260603-07,2026-06-03 18:51:00,饿了么,卤蛋,1,3
QZ-20260603-08,2026-06-03 19:58:00,堂食,冰豆浆,1,6
QZ-20260603-09,2026-06-03 20:05:00,堂食,柠檬茶,1,10
QZ-20260603-10,2026-06-03 21:12:00,堂食,双人套餐,1,68
QZ-20260603-11,2026-06-03 11:19:00,美团外卖,招牌牛肉面,1,26.24
QZ-20260603-12,2026-06-03 12:26:00,饿了么,红烧肥肠面,2,59.04
QZ-20260603-13,2026-06-03 13:33:00,堂食,番茄鸡蛋面,1,24
QZ-20260603-14,2026-06-03 10:40:00,堂食,酸辣粉,1,20
QZ-20260603-15,2026-06-03 11:47:00,堂食,招牌拌面,1,28
QZ-20260603-16,2026-06-03 12:54:00,美团外卖,小酥肉,1,26
QZ-20260603-17,2026-06-03 20:01:00,饿了么,卤蛋,1,2.46
QZ-20260603-18,2026-06-03 17:08:00,堂食,冰豆浆,1,6
QZ-20260603-19,2026-06-03 18:15:00,堂食,柠檬茶,1,10
QZ-20260603-20,2026-06-03 21:22:00,堂食,双人套餐,1,68
QZ-20260603-21,2026-06-03 13:29:00,美团外卖,招牌牛肉面,1,26.24
QZ-20260603-22,2026-06-03 10:36:00,饿了么,红烧肥肠面,1,36
QZ-20260603-23,2026-06-03 11:43:00,堂食,番茄鸡蛋面,2,48
QZ-20260603-24,2026-06-03 12:50:00,堂食,酸辣粉,1,18
QZ-20260603-25,2026-06-03 13:57:00,堂食,招牌拌面,1,28
QZ-20260603-26,2026-06-03 10:04:00,美团外卖,小酥肉,1,21.32
QZ-20260603-27,2026-06-03 18:11:00,饿了么,卤蛋,1,2.46
QZ-20260603-28,2026-06-03 19:18:00,堂食,冰豆浆,1,6
QZ-20260603-29,2026-06-03 20:25:00,堂食,柠檬茶,1,10
QZ-20260604-01,2026-06-04 10:12:00,饿了么,招牌牛肉面,2,52.48
QZ-20260604-02,2026-06-04 11:19:00,堂食,红烧肥肠面,1,36
QZ-20260604-03,2026-06-04 12:26:00,堂食,番茄鸡蛋面,1,24
QZ-20260604-04,2026-06-04 13:33:00,堂食,酸辣粉,1,20
QZ-20260604-05,2026-06-04 10:40:00,美团外卖,招牌拌面,1,22.96
QZ-20260604-06,2026-06-04 11:47:00,饿了么,小酥肉,1,26
QZ-20260604-07,2026-06-04 19:54:00,堂食,卤蛋,1,3
QZ-20260604-08,2026-06-04 20:01:00,堂食,冰豆浆,1,6
QZ-20260604-09,2026-06-04 17:08:00,堂食,柠檬茶,1,10
QZ-20260604-10,2026-06-04 21:15:00,美团外卖,双人套餐,1,55.76
QZ-20260604-11,2026-06-04 12:22:00,饿了么,招牌牛肉面,1,26.24
QZ-20260604-12,2026-06-04 13:29:00,堂食,红烧肥肠面,2,72
QZ-20260604-13,2026-06-04 10:36:00,堂食,番茄鸡蛋面,1,24
QZ-20260604-14,2026-06-04 11:43:00,堂食,酸辣粉,1,20
QZ-20260604-15,2026-06-04 12:50:00,美团外卖,招牌拌面,1,28
QZ-20260604-16,2026-06-04 13:57:00,饿了么,小酥肉,1,21.32
QZ-20260604-17,2026-06-04 17:04:00,堂食,卤蛋,1,3
QZ-20260604-18,2026-06-04 18:11:00,堂食,冰豆浆,1,6
QZ-20260604-19,2026-06-04 19:18:00,堂食,柠檬茶,1,10
QZ-20260604-20,2026-06-04 21:25:00,美团外卖,双人套餐,1,55.76
QZ-20260604-21,2026-06-04 10:32:00,饿了么,招牌牛肉面,1,32
QZ-20260604-22,2026-06-04 11:39:00,堂食,红烧肥肠面,1,36
QZ-20260604-23,2026-06-04 12:46:00,堂食,番茄鸡蛋面,2,43.2
QZ-20260604-24,2026-06-04 13:53:00,堂食,酸辣粉,1,20
QZ-20260604-25,2026-06-04 10:00:00,美团外卖,招牌拌面,1,22.96
QZ-20260604-26,2026-06-04 11:07:00,饿了么,小酥肉,1,21.32
QZ-20260604-27,2026-06-04 19:14:00,堂食,卤蛋,1,3
QZ-20260604-28,2026-06-04 20:21:00,堂食,冰豆浆,1,6
QZ-20260604-29,2026-06-04 17:28:00,堂食,柠檬茶,1,10
QZ-20260604-30,2026-06-04 21:35:00,美团外卖,双人套餐,1,68
QZ-20260605-01,2026-06-05 11:15:00,堂食,招牌牛肉面,2,64
QZ-20260605-02,2026-06-05 12:22:00,堂食,红烧肥肠面,1,36
QZ-20260605-03,2026-06-05 13:29:00,堂食,番茄鸡蛋面,1,24
QZ-20260605-04,2026-06-05 10:36:00,美团外卖,酸辣粉,1,16.4
QZ-20260605-05,2026-06-05 11:43:00,饿了么,招牌拌面,1,28
QZ-20260605-06,2026-06-05 12:50:00,堂食,小酥肉,1,26
QZ-20260605-07,2026-06-05 20:57:00,堂食,卤蛋,1,3
QZ-20260605-08,2026-06-05 17:04:00,堂食,冰豆浆,1,6
QZ-20260605-09,2026-06-05 18:11:00,美团外卖,柠檬茶,1,8.2
QZ-20260605-10,2026-06-05 21:18:00,饿了么,双人套餐,1,55.76
QZ-20260605-11,2026-06-05 13:25:00,堂食,招牌牛肉面,1,32
QZ-20260605-12,2026-06-05 10:32:00,堂食,红烧肥肠面,2,72
QZ-20260605-13,2026-06-05 11:39:00,堂食,番茄鸡蛋面,1,24
QZ-20260605-14,2026-06-05 12:46:00,美团外卖,酸辣粉,1,20
QZ-20260605-15,2026-06-05 13:53:00,饿了么,招牌拌面,1,22.96
QZ-20260605-16,2026-06-05 10:00:00,堂食,小酥肉,1,26
QZ-20260605-17,2026-06-05 18:07:00,堂食,卤蛋,1,3
QZ-20260605-18,2026-06-05 19:14:00,堂食,冰豆浆,1,6
QZ-20260605-19,2026-06-05 20:21:00,美团外卖,柠檬茶,1,8.2
QZ-20260605-20,2026-06-05 21:28:00,饿了么,双人套餐,1,68
QZ-20260605-21,2026-06-05 11:35:00,堂食,招牌牛肉面,1,32
QZ-20260605-22,2026-06-05 12:42:00,堂食,红烧肥肠面,1,32.4
QZ-20260605-23,2026-06-05 13:49:00,堂食,番茄鸡蛋面,2,48
QZ-20260605-24,2026-06-05 10:56:00,美团外卖,酸辣粉,1,16.4
QZ-20260605-25,2026-06-05 11:03:00,饿了么,招牌拌面,1,22.96
QZ-20260605-26,2026-06-05 12:10:00,堂食,小酥肉,1,26
QZ-20260606-01,2026-06-06 12:18:00,堂食,招牌牛肉面,2,64
QZ-20260606-02,2026-06-06 13:25:00,堂食,红烧肥肠面,1,36
QZ-20260606-03,2026-06-06 10:32:00,美团外卖,番茄鸡蛋面,1,19.68
QZ-20260606-04,2026-06-06 11:39:00,饿了么,酸辣粉,1,20
QZ-20260606-05,2026-06-06 12:46:00,堂食,招牌拌面,1,28
QZ-20260606-06,2026-06-06 13:53:00,堂食,小酥肉,1,26
QZ-20260606-07,2026-06-06 17:00:00,堂食,卤蛋,1,3
QZ-20260606-08,2026-06-06 18:07:00,美团外卖,冰豆浆,1,4.92
QZ-20260606-09,2026-06-06 19:14:00,饿了么,柠檬茶,1,8.2
QZ-20260606-10,2026-06-06 21:21:00,堂食,双人套餐,1,68
QZ-20260606-11,2026-06-06 10:28:00,堂食,招牌牛肉面,1,32
QZ-20260606-12,2026-06-06 11:35:00,堂食,红烧肥肠面,2,72
QZ-20260606-13,2026-06-06 12:42:00,美团外卖,番茄鸡蛋面,1,24
QZ-20260606-14,2026-06-06 13:49:00,饿了么,酸辣粉,1,16.4
QZ-20260606-15,2026-06-06 10:56:00,堂食,招牌拌面,1,28
QZ-20260606-16,2026-06-06 11:03:00,堂食,小酥肉,1,26
QZ-20260606-17,2026-06-06 19:10:00,堂食,卤蛋,1,3
QZ-20260606-18,2026-06-06 20:17:00,美团外卖,冰豆浆,1,4.92
QZ-20260606-19,2026-06-06 17:24:00,饿了么,柠檬茶,1,10
QZ-20260606-20,2026-06-06 21:31:00,堂食,双人套餐,1,68
QZ-20260606-21,2026-06-06 12:38:00,堂食,招牌牛肉面,1,28.8
QZ-20260606-22,2026-06-06 13:45:00,堂食,红烧肥肠面,1,36
QZ-20260606-23,2026-06-06 10:52:00,美团外卖,番茄鸡蛋面,2,39.36
QZ-20260606-24,2026-06-06 11:59:00,饿了么,酸辣粉,1,16.4
QZ-20260606-25,2026-06-06 12:06:00,堂食,招牌拌面,1,28
QZ-20260606-26,2026-06-06 13:13:00,堂食,小酥肉,1,26
QZ-20260606-27,2026-06-06 17:20:00,堂食,卤蛋,1,3
QZ-20260607-01,2026-06-07 13:21:00,堂食,招牌牛肉面,2,64
QZ-20260607-02,2026-06-07 10:28:00,美团外卖,红烧肥肠面,1,29.52
QZ-20260607-03,2026-06-07 11:35:00,饿了么,番茄鸡蛋面,1,24
QZ-20260607-04,2026-06-07 12:42:00,堂食,酸辣粉,1,20
QZ-20260607-05,2026-06-07 13:49:00,堂食,招牌拌面,1,28
QZ-20260607-06,2026-06-07 10:56:00,堂食,小酥肉,1,26
QZ-20260607-07,2026-06-07 18:03:00,美团外卖,卤蛋,1,2.46
QZ-20260607-08,2026-06-07 19:10:00,饿了么,冰豆浆,1,4.92
QZ-20260607-09,2026-06-07 20:17:00,堂食,柠檬茶,1,10
QZ-20260607-10,2026-06-07 21:24:00,堂食,双人套餐,1,68
QZ-20260607-11,2026-06-07 11:31:00,堂食,招牌牛肉面,1,32
QZ-20260607-12,2026-06-07 12:38:00,美团外卖,红烧肥肠面,2,72
QZ-20260607-13,2026-06-07 13:45:00,饿了么,番茄鸡蛋面,1,19.68
QZ-20260607-14,2026-06-07 10:52:00,堂食,酸辣粉,1,20
QZ-20260607-15,2026-06-07 11:59:00,堂食,招牌拌面,1,28
QZ-20260607-16,2026-06-07 12:06:00,堂食,小酥肉,1,26
QZ-20260607-17,2026-06-07 20:13:00,美团外卖,卤蛋,1,2.46
QZ-20260607-18,2026-06-07 17:20:00,饿了么,冰豆浆,1,6
QZ-20260607-19,2026-06-07 18:27:00,堂食,柠檬茶,1,10
QZ-20260607-20,2026-06-07 21:34:00,堂食,双人套餐,1,61.2
QZ-20260607-21,2026-06-07 13:41:00,堂食,招牌牛肉面,1,32
QZ-20260607-22,2026-06-07 10:48:00,美团外卖,红烧肥肠面,1,29.52
QZ-20260607-23,2026-06-07 11:55:00,饿了么,番茄鸡蛋面,2,39.36
QZ-20260607-24,2026-06-07 12:02:00,堂食,酸辣粉,1,20
QZ-20260607-25,2026-06-07 13:09:00,堂食,招牌拌面,1,28
QZ-20260607-26,2026-06-07 10:16:00,堂食,小酥肉,1,26
QZ-20260607-27,2026-06-07 18:23:00,美团外卖,卤蛋,1,3
QZ-20260607-28,2026-06-07 19:30:00,饿了么,冰豆浆,1,4.92
QZ-20260608-01,2026-06-08 10:24:00,美团外卖,招牌牛肉面,2,52.48
QZ-20260608-02,2026-06-08 11:31:00,饿了么,红烧肥肠面,1,36
QZ-20260608-03,2026-06-08 12:38:00,堂食,番茄鸡蛋面,1,24
QZ-20260608-04,2026-06-08 13:45:00,堂食,酸辣粉,1,20
QZ-20260608-05,2026-06-08 10:52:00,堂食,招牌拌面,1,28
QZ-20260608-06,2026-06-08 11:59:00,美团外卖,小酥肉,1,21.32
QZ-20260608-07,2026-06-08 19:06:00,饿了么,卤蛋,1,2.46
QZ-20260608-08,2026-06-08 20:13:00,堂食,冰豆浆,1,6
QZ-20260608-09,2026-06-08 17:20:00,堂食,柠檬茶,1,10
QZ-20260608-10,2026-06-08 21:27:00,堂食,双人套餐,1,68
QZ-20260608-11,2026-06-08 12:34:00,美团外卖,招牌牛肉面,1,32
QZ-20260608-12,2026-06-08 13:41:00,饿了么,红烧肥肠面,2,59.04
QZ-20260608-13,2026-06-08 10:48:00,堂食,番茄鸡蛋面,1,24
QZ-20260608-14,2026-06-08 11:55:00,堂食,酸辣粉,1,20
QZ-20260608-15,2026-06-08 12:02:00,堂食,招牌拌面,1,28
QZ-20260608-16,2026-06-08 13:09:00,美团外卖,小酥肉,1,21.32
QZ-20260608-17,2026-06-08 17:16:00,饿了么,卤蛋,1,3
QZ-20260608-18,2026-06-08 18:23:00,堂食,冰豆浆,1,6
QZ-20260608-19,2026-06-08 19:30:00,堂食,柠檬茶,1,9
QZ-20260608-20,2026-06-08 21:37:00,堂食,双人套餐,1,68
QZ-20260608-21,2026-06-08 10:44:00,美团外卖,招牌牛肉面,1,26.24
QZ-20260608-22,2026-06-08 11:51:00,饿了么,红烧肥肠面,1,29.52
QZ-20260608-23,2026-06-08 12:58:00,堂食,番茄鸡蛋面,2,48
QZ-20260608-24,2026-06-08 13:05:00,堂食,酸辣粉,1,20
QZ-20260608-25,2026-06-08 10:12:00,堂食,招牌拌面,1,28
QZ-20260608-26,2026-06-08 11:19:00,美团外卖,小酥肉,1,26
QZ-20260608-27,2026-06-08 19:26:00,饿了么,卤蛋,1,2.46
QZ-20260608-28,2026-06-08 20:33:00,堂食,冰豆浆,1,6
QZ-20260608-29,2026-06-08 17:40:00,堂食,柠檬茶,1,10
QZ-20260609-01,2026-06-09 11:27:00,饿了么,招牌牛肉面,2,64
QZ-20260609-02,2026-06-09 12:34:00,堂食,红烧肥肠面,1,36
QZ-20260609-03,2026-06-09 13:41:00,堂食,番茄鸡蛋面,1,24
QZ-20260609-04,2026-06-09 10:48:00,堂食,酸辣粉,1,20
QZ-20260609-05,2026-06-09 11:55:00,美团外卖,招牌拌面,1,22.96
QZ-20260609-06,2026-06-09 12:02:00,饿了么,小酥肉,1,21.32
QZ-20260609-07,2026-06-09 20:09:00,堂食,卤蛋,1,3
QZ-20260609-08,2026-06-09 17:16:00,堂食,冰豆浆,1,6
QZ-20260609-09,2026-06-09 18:23:00,堂食,柠檬茶,1,10
QZ-20260609-10,2026-06-09 21:30:00,美团外卖,双人套餐,1,68
QZ-20260609-11,2026-06-09 13:37:00,饿了么,招牌牛肉面,1,26.24
QZ-20260609-12,2026-06-09 10:44:00,堂食,红烧肥肠面,2,72
QZ-20260609-13,2026-06-09 11:51:00,堂食,番茄鸡蛋面,1,24
QZ-20260609-14,2026-06-09 12:58:00,堂食,酸辣粉,1,20
QZ-20260609-15,2026-06-09 13:05:00,美团外卖,招牌拌面,1,22.96
QZ-20260609-16,2026-06-09 10:12:00,饿了么,小酥肉,1,26
QZ-20260609-17,2026-06-09 18:19:00,堂食,卤蛋,1,3
QZ-20260609-18,2026-06-09 19:26:00,堂食,冰豆浆,1,5.4
QZ-20260609-19,2026-06-09 20:33:00,堂食,柠檬茶,1,10
QZ-20260609-20,2026-06-09 21:40:00,美团外卖,双人套餐,1,55.76
QZ-20260609-21,2026-06-09 11:47:00,饿了么,招牌牛肉面,1,26.24
QZ-20260609-22,2026-06-09 12:54:00,堂食,红烧肥肠面,1,36
QZ-20260609-23,2026-06-09 13:01:00,堂食,番茄鸡蛋面,2,48
QZ-20260609-24,2026-06-09 10:08:00,堂食,酸辣粉,1,20
QZ-20260609-25,2026-06-09 11:15:00,美团外卖,招牌拌面,1,28
QZ-20260609-26,2026-06-09 12:22:00,饿了么,小酥肉,1,21.32
QZ-20260609-27,2026-06-09 20:29:00,堂食,卤蛋,1,3
QZ-20260609-28,2026-06-09 17:36:00,堂食,冰豆浆,1,6
QZ-20260609-29,2026-06-09 18:43:00,堂食,柠檬茶,1,10
QZ-20260609-30,2026-06-09 21:50:00,美团外卖,双人套餐,1,55.76
QZ-20260610-01,2026-06-10 12:30:00,堂食,招牌牛肉面,2,64
QZ-20260610-02,2026-06-10 13:37:00,堂食,红烧肥肠面,1,36
QZ-20260610-03,2026-06-10 10:44:00,堂食,番茄鸡蛋面,1,24
QZ-20260610-04,2026-06-10 11:51:00,美团外卖,酸辣粉,1,16.4
QZ-20260610-05,2026-06-10 12:58:00,饿了么,招牌拌面,1,22.96
QZ-20260610-06,2026-06-10 13:05:00,堂食,小酥肉,1,26
QZ-20260610-07,2026-06-10 17:12:00,堂食,卤蛋,1,3
QZ-20260610-08,2026-06-10 18:19:00,堂食,冰豆浆,1,6
QZ-20260610-09,2026-06-10 19:26:00,美团外卖,柠檬茶,1,10
QZ-20260610-10,2026-06-10 21:33:00,饿了么,双人套餐,1,55.76
QZ-20260610-11,2026-06-10 10:40:00,堂食,招牌牛肉面,1,32
QZ-20260610-12,2026-06-10 11:47:00,堂食,红烧肥肠面,2,72
QZ-20260610-13,2026-06-10 12:54:00,堂食,番茄鸡蛋面,1,24
QZ-20260610-14,2026-06-10 13:01:00,美团外卖,酸辣粉,1,16.4
QZ-20260610-15,2026-06-10 10:08:00,饿了么,招牌拌面,1,28
QZ-20260610-16,2026-06-10 11:15:00,堂食,小酥肉,1,26
QZ-20260610-17,2026-06-10 19:22:00,堂食,卤蛋,1,2.7
QZ-20260610-18,2026-06-10 20:29:00,堂食,冰豆浆,1,6
QZ-20260610-19,2026-06-10 17:36:00,美团外卖,柠檬茶,1,8.2
QZ-20260610-20,2026-06-10 21:43:00,饿了么,双人套餐,1,55.76
QZ-20260610-21,2026-06-10 12:50:00,堂食,招牌牛肉面,1,32
QZ-20260610-22,2026-06-10 13:57:00,堂食,红烧肥肠面,1,36
QZ-20260610-23,2026-06-10 10:04:00,堂食,番茄鸡蛋面,2,48
QZ-20260610-24,2026-06-10 11:11:00,美团外卖,酸辣粉,1,20
QZ-20260610-25,2026-06-10 12:18:00,饿了么,招牌拌面,1,22.96
QZ-20260610-26,2026-06-10 13:25:00,堂食,小酥肉,1,26
QZ-20260611-01,2026-06-11 13:33:00,堂食,招牌牛肉面,2,64
QZ-20260611-02,2026-06-11 10:40:00,堂食,红烧肥肠面,1,36
QZ-20260611-03,2026-06-11 11:47:00,美团外卖,番茄鸡蛋面,1,19.68
QZ-20260611-04,2026-06-11 12:54:00,饿了么,酸辣粉,1,16.4
QZ-20260611-05,2026-06-11 13:01:00,堂食,招牌拌面,1,28
QZ-20260611-06,2026-06-11 10:08:00,堂食,小酥肉,1,26
QZ-20260611-07,2026-06-11 18:15:00,堂食,卤蛋,1,3
QZ-20260611-08,2026-06-11 19:22:00,美团外卖,冰豆浆,1,6
QZ-20260611-09,2026-06-11 20:29:00,饿了么,柠檬茶,1,8.2
QZ-20260611-10,2026-06-11 21:36:00,堂食,双人套餐,1,68
QZ-20260611-11,2026-06-11 11:43:00,堂食,招牌牛肉面,1,32
QZ-20260611-12,2026-06-11 12:50:00,堂食,红烧肥肠面,2,72
QZ-20260611-13,2026-06-11 13:57:00,美团外卖,番茄鸡蛋面,1,19.68
QZ-20260611-14,2026-06-11 10:04:00,饿了么,酸辣粉,1,20
QZ-20260611-15,2026-06-11 11:11:00,堂食,招牌拌面,1,28
QZ-20260611-16,2026-06-11 12:18:00,堂食,小酥肉,1,23.4
QZ-20260611-17,2026-06-11 20:25:00,堂食,卤蛋,1,3
QZ-20260611-18,2026-06-11 17:32:00,美团外卖,冰豆浆,1,4.92
QZ-20260611-19,2026-06-11 18:39:00,饿了么,柠檬茶,1,8.2
QZ-20260611-20,2026-06-11 21:46:00,堂食,双人套餐,1,68
QZ-20260611-21,2026-06-11 13:53:00,堂食,招牌牛肉面,1,32
QZ-20260611-22,2026-06-11 10:00:00,堂食,红烧肥肠面,1,36
QZ-20260611-23,2026-06-11 11:07:00,美团外卖,番茄鸡蛋面,2,48
QZ-20260611-24,2026-06-11 12:14:00,饿了么,酸辣粉,1,16.4
QZ-20260611-25,2026-06-11 13:21:00,堂食,招牌拌面,1,28
QZ-20260611-26,2026-06-11 10:28:00,堂食,小酥肉,1,26
QZ-20260611-27,2026-06-11 18:35:00,堂食,卤蛋,1,3
QZ-20260612-01,2026-06-12 10:36:00,堂食,招牌牛肉面,2,64
QZ-20260612-02,2026-06-12 11:43:00,美团外卖,红烧肥肠面,1,29.52
QZ-20260612-03,2026-06-12 12:50:00,饿了么,番茄鸡蛋面,1,19.68
QZ-20260612-04,2026-06-12 13:57:00,堂食,酸辣粉,1,20
QZ-20260612-05,2026-06-12 10:04:00,堂食,招牌拌面,1,28
QZ-20260612-06,2026-06-12 11:11:00,堂食,小酥肉,1,26
QZ-20260612-07,2026-06-12 19:18:00,美团外卖,卤蛋,1,3
QZ-20260612-08,2026-06-12 20:25:00,饿了么,冰豆浆,1,4.92
QZ-20260612-09,2026-06-12 17:32:00,堂食,柠檬茶,1,10
QZ-20260612-10,2026-06-12 21:39:00,堂食,双人套餐,1,68
QZ-20260612-11,2026-06-12 12:46:00,堂食,招牌牛肉面,1,32
QZ-20260612-12,2026-06-12 13:53:00,美团外卖,红烧肥肠面,2,59.04
QZ-20260612-13,2026-06-12 10:00:00,饿了么,番茄鸡蛋面,1,24
QZ-20260612-14,2026-06-12 11:07:00,堂食,酸辣粉,1,20
QZ-20260612-15,2026-06-12 12:14:00,堂食,招牌拌面,1,25.2
QZ-20260612-16,2026-06-12 13:21:00,堂食,小酥肉,1,26
QZ-20260612-17,2026-06-12 17:28:00,美团外卖,卤蛋,1,2.46
QZ-20260612-18,2026-06-12 18:35:00,饿了么,冰豆浆,1,4.92
QZ-20260612-19,2026-06-12 19:42:00,堂食,柠檬茶,1,10
QZ-20260612-20,2026-06-12 21:49:00,堂食,双人套餐,1,68
QZ-20260612-21,2026-06-12 10:56:00,堂食,招牌牛肉面,1,32
QZ-20260612-22,2026-06-12 11:03:00,美团外卖,红烧肥肠面,1,36
QZ-20260612-23,2026-06-12 12:10:00,饿了么,番茄鸡蛋面,2,39.36
QZ-20260612-24,2026-06-12 13:17:00,堂食,酸辣粉,1,20
QZ-20260612-25,2026-06-12 10:24:00,堂食,招牌拌面,1,28
QZ-20260612-26,2026-06-12 11:31:00,堂食,小酥肉,1,26
QZ-20260612-27,2026-06-12 19:38:00,美团外卖,卤蛋,1,2.46
QZ-20260612-28,2026-06-12 20:45:00,饿了么,冰豆浆,1,6
QZ-20260613-01,2026-06-13 11:39:00,美团外卖,招牌牛肉面,2,52.48
QZ-20260613-02,2026-06-13 12:46:00,饿了么,红烧肥肠面,1,29.52
QZ-20260613-03,2026-06-13 13:53:00,堂食,番茄鸡蛋面,1,24
QZ-20260613-04,2026-06-13 10:00:00,堂食,酸辣粉,1,20
QZ-20260613-05,2026-06-13 11:07:00,堂食,招牌拌面,1,28
QZ-20260613-06,2026-06-13 12:14:00,美团外卖,小酥肉,1,26
QZ-20260613-07,2026-06-13 20:21:00,饿了么,卤蛋,1,2.46
QZ-20260613-08,2026-06-13 17:28:00,堂食,冰豆浆,1,6
QZ-20260613-09,2026-06-13 18:35:00,堂食,柠檬茶,1,10
QZ-20260613-10,2026-06-13 21:42:00,堂食,双人套餐,1,68
QZ-20260613-11,2026-06-13 13:49:00,美团外卖,招牌牛肉面,1,26.24
QZ-20260613-12,2026-06-13 10:56:00,饿了么,红烧肥肠面,2,72
QZ-20260613-13,2026-06-13 11:03:00,堂食,番茄鸡蛋面,1,24
QZ-20260613-14,2026-06-13 12:10:00,堂食,酸辣粉,1,18
QZ-20260613-15,2026-06-13 13:17:00,堂食,招牌拌面,1,28
QZ-20260613-16,2026-06-13 10:24:00,美团外卖,小酥肉,1,21.32
QZ-20260613-17,2026-06-13 18:31:00,饿了么,卤蛋,1,2.46
QZ-20260613-18,2026-06-13 19:38:00,堂食,冰豆浆,1,6
QZ-20260613-19,2026-06-13 20:45:00,堂食,柠檬茶,1,10
QZ-20260613-20,2026-06-13 21:52:00,堂食,双人套餐,1,68
QZ-20260613-21,2026-06-13 11:59:00,美团外卖,招牌牛肉面,1,32
QZ-20260613-22,2026-06-13 12:06:00,饿了么,红烧肥肠面,1,29.52
QZ-20260613-23,2026-06-13 13:13:00,堂食,番茄鸡蛋面,2,48
QZ-20260613-24,2026-06-13 10:20:00,堂食,酸辣粉,1,20
QZ-20260613-25,2026-06-13 11:27:00,堂食,招牌拌面,1,28
QZ-20260613-26,2026-06-13 12:34:00,美团外卖,小酥肉,1,21.32
QZ-20260613-27,2026-06-13 20:41:00,饿了么,卤蛋,1,3
QZ-20260613-28,2026-06-13 17:48:00,堂食,冰豆浆,1,6
QZ-20260613-29,2026-06-13 18:55:00,堂食,柠檬茶,1,10
QZ-20260614-01,2026-06-14 12:42:00,饿了么,招牌牛肉面,2,52.48
QZ-20260614-02,2026-06-14 13:49:00,堂食,红烧肥肠面,1,36
QZ-20260614-03,2026-06-14 10:56:00,堂食,番茄鸡蛋面,1,24
QZ-20260614-04,2026-06-14 11:03:00,堂食,酸辣粉,1,20
QZ-20260614-05,2026-06-14 12:10:00,美团外卖,招牌拌面,1,28
QZ-20260614-06,2026-06-14 13:17:00,饿了么,小酥肉,1,21.32
QZ-20260614-07,2026-06-14 17:24:00,堂食,卤蛋,1,3
QZ-20260614-08,2026-06-14 18:31:00,堂食,冰豆浆,1,6
QZ-20260614-09,2026-06-14 19:38:00,堂食,柠檬茶,1,10
QZ-20260614-10,2026-06-14 21:45:00,美团外卖,双人套餐,1,55.76
QZ-20260614-11,2026-06-14 10:52:00,饿了么,招牌牛肉面,1,32
QZ-20260614-12,2026-06-14 11:59:00,堂食,红烧肥肠面,2,72
QZ-20260614-13,2026-06-14 12:06:00,堂食,番茄鸡蛋面,1,21.6
QZ-20260614-14,2026-06-14 13:13:00,堂食,酸辣粉,1,20
QZ-20260614-15,2026-06-14 10:20:00,美团外卖,招牌拌面,1,22.96
QZ-20260614-16,2026-06-14 11:27:00,饿了么,小酥肉,1,21.32
QZ-20260614-17,2026-06-14 19:34:00,堂食,卤蛋,1,3
QZ-20260614-18,2026-06-14 20:41:00,堂食,冰豆浆,1,6
QZ-20260614-19,2026-06-14 17:48:00,堂食,柠檬茶,1,10
QZ-20260614-20,2026-06-14 21:55:00,美团外卖,双人套餐,1,68
QZ-20260614-21,2026-06-14 12:02:00,饿了么,招牌牛肉面,1,26.24
QZ-20260614-22,2026-06-14 13:09:00,堂食,红烧肥肠面,1,36
QZ-20260614-23,2026-06-14 10:16:00,堂食,番茄鸡蛋面,2,48
QZ-20260614-24,2026-06-14 11:23:00,堂食,酸辣粉,1,20
QZ-20260614-25,2026-06-14 12:30:00,美团外卖,招牌拌面,1,22.96
QZ-20260614-26,2026-06-14 13:37:00,饿了么,小酥肉,1,26
QZ-20260614-27,2026-06-14 17:44:00,堂食,卤蛋,1,3
QZ-20260614-28,2026-06-14 18:51:00,堂食,冰豆浆,1,6
QZ-20260614-29,2026-06-14 19:58:00,堂食,柠檬茶,1,10
QZ-20260614-30,2026-06-14 21:05:00,美团外卖,双人套餐,1,55.76
QZ-20260615-01,2026-06-15 13:45:00,堂食,招牌牛肉面,2,64
QZ-20260615-02,2026-06-15 10:52:00,堂食,红烧肥肠面,1,36
QZ-20260615-03,2026-06-15 11:59:00,堂食,番茄鸡蛋面,1,24
QZ-20260615-04,2026-06-15 12:06:00,美团外卖,酸辣粉,1,20
QZ-20260615-05,2026-06-15 13:13:00,饿了么,招牌拌面,1,22.96
QZ-20260615-06,2026-06-15 10:20:00,堂食,小酥肉,1,26
QZ-20260615-07,2026-06-15 18:27:00,堂食,卤蛋,1,3
QZ-20260615-08,2026-06-15 19:34:00,堂食,冰豆浆,1,6
QZ-20260615-09,2026-06-15 20:41:00,美团外卖,柠檬茶,1,8.2
QZ-20260615-10,2026-06-15 21:48:00,饿了么,双人套餐,1,68
QZ-20260615-11,2026-06-15 11:55:00,堂食,招牌牛肉面,1,32
QZ-20260615-12,2026-06-15 12:02:00,堂食,红烧肥肠面,2,64.8
QZ-20260615-13,2026-06-15 13:09:00,堂食,番茄鸡蛋面,1,24
QZ-20260615-14,2026-06-15 10:16:00,美团外卖,酸辣粉,1,16.4
QZ-20260615-15,2026-06-15 11:23:00,饿了么,招牌拌面,1,22.96
QZ-20260615-16,2026-06-15 12:30:00,堂食,小酥肉,1,26
QZ-20260615-17,2026-06-15 20:37:00,堂食,卤蛋,1,3
QZ-20260615-18,2026-06-15 17:44:00,堂食,冰豆浆,1,6
QZ-20260615-19,2026-06-15 18:51:00,美团外卖,柠檬茶,1,10
QZ-20260615-20,2026-06-15 21:58:00,饿了么,双人套餐,1,55.76
QZ-20260615-21,2026-06-15 13:05:00,堂食,招牌牛肉面,1,32
QZ-20260615-22,2026-06-15 10:12:00,堂食,红烧肥肠面,1,36
QZ-20260615-23,2026-06-15 11:19:00,堂食,番茄鸡蛋面,2,48
QZ-20260615-24,2026-06-15 12:26:00,美团外卖,酸辣粉,1,16.4
QZ-20260615-25,2026-06-15 13:33:00,饿了么,招牌拌面,1,28
QZ-20260615-26,2026-06-15 10:40:00,堂食,小酥肉,1,26
QZ-20260616-01,2026-06-16 10:48:00,堂食,招牌牛肉面,2,64
QZ-20260616-02,2026-06-16 11:55:00,堂食,红烧肥肠面,1,36
QZ-20260616-03,2026-06-16 12:02:00,美团外卖,番茄鸡蛋面,1,24
QZ-20260616-04,2026-06-16 13:09:00,饿了么,酸辣粉,1,15
QZ-20260616-05,2026-06-16 10:16:00,堂食,招牌拌面,1,28
QZ-20260616-06,2026-06-16 11:23:00,堂食,小酥肉,1,26
QZ-20260616-07,2026-06-16 19:30:00,堂食,卤蛋,1,3
QZ-20260616-08,2026-06-16 20:37:00,美团外卖,冰豆浆,1,4.5
QZ-20260616-09,2026-06-16 17:44:00,饿了么,柠檬茶,1,10
QZ-20260616-10,2026-06-16 21:51:00,堂食,双人套餐,1,68
QZ-20260616-11,2026-06-16 12:58:00,堂食,招牌牛肉面,1,28.8
QZ-20260616-12,2026-06-16 13:05:00,堂食,红烧肥肠面,2,72
QZ-20260616-13,2026-06-16 10:12:00,美团外卖,番茄鸡蛋面,1,18
QZ-20260616-14,2026-06-16 11:19:00,饿了么,酸辣粉,1,15
QZ-20260616-15,2026-06-16 12:26:00,堂食,招牌拌面,1,28
QZ-20260616-16,2026-06-16 13:33:00,堂食,小酥肉,1,26
QZ-20260616-17,2026-06-16 17:40:00,堂食,卤蛋,1,3
QZ-20260617-01,2026-06-17 11:51:00,堂食,招牌牛肉面,2,64
QZ-20260617-02,2026-06-17 12:58:00,美团外卖,红烧肥肠面,1,36
QZ-20260617-03,2026-06-17 13:05:00,饿了么,番茄鸡蛋面,1,18
QZ-20260617-04,2026-06-17 10:12:00,堂食,酸辣粉,1,20
QZ-20260617-05,2026-06-17 11:19:00,堂食,招牌拌面,1,28
QZ-20260617-06,2026-06-17 12:26:00,堂食,小酥肉,1,26
QZ-20260617-07,2026-06-17 20:33:00,美团外卖,卤蛋,1,2.25
QZ-20260617-08,2026-06-17 17:40:00,饿了么,冰豆浆,1,6
QZ-20260617-09,2026-06-17 18:47:00,堂食,柠檬茶,1,10
QZ-20260617-10,2026-06-17 21:54:00,堂食,双人套餐,1,61.2
QZ-20260617-11,2026-06-17 13:01:00,堂食,招牌牛肉面,1,32
QZ-20260617-12,2026-06-17 10:08:00,美团外卖,红烧肥肠面,2,54
QZ-20260617-13,2026-06-17 11:15:00,饿了么,番茄鸡蛋面,1,18
QZ-20260617-14,2026-06-17 12:22:00,堂食,酸辣粉,1,20
QZ-20260617-15,2026-06-17 13:29:00,堂食,招牌拌面,1,28
QZ-20260617-16,2026-06-17 10:36:00,堂食,小酥肉,1,26
QZ-20260617-17,2026-06-17 18:43:00,美团外卖,卤蛋,1,3
QZ-20260617-18,2026-06-17 19:50:00,饿了么,冰豆浆,1,4.5
QZ-20260618-01,2026-06-18 12:54:00,美团外卖,招牌牛肉面,2,64
QZ-20260618-02,2026-06-18 13:01:00,饿了么,红烧肥肠面,1,27
QZ-20260618-03,2026-06-18 10:08:00,堂食,番茄鸡蛋面,1,24
QZ-20260618-04,2026-06-18 11:15:00,堂食,酸辣粉,1,20
QZ-20260618-05,2026-06-18 12:22:00,堂食,招牌拌面,1,28
QZ-20260618-06,2026-06-18 13:29:00,美团外卖,小酥肉,1,19.5
QZ-20260618-07,2026-06-18 17:36:00,饿了么,卤蛋,1,3
QZ-20260618-08,2026-06-18 18:43:00,堂食,冰豆浆,1,6
QZ-20260618-09,2026-06-18 19:50:00,堂食,柠檬茶,1,9
QZ-20260618-10,2026-06-18 21:57:00,堂食,双人套餐,1,68
QZ-20260618-11,2026-06-18 10:04:00,美团外卖,招牌牛肉面,1,24
QZ-20260618-12,2026-06-18 11:11:00,饿了么,红烧肥肠面,2,54
QZ-20260618-13,2026-06-18 12:18:00,堂食,番茄鸡蛋面,1,24
QZ-20260618-14,2026-06-18 13:25:00,堂食,酸辣粉,1,20
QZ-20260618-15,2026-06-18 10:32:00,堂食,招牌拌面,1,28
QZ-20260618-16,2026-06-18 11:39:00,美团外卖,小酥肉,1,26
QZ-20260618-17,2026-06-18 19:46:00,饿了么,卤蛋,1,2.25
QZ-20260618-18,2026-06-18 20:53:00,堂食,冰豆浆,1,6
QZ-20260618-19,2026-06-18 17:00:00,堂食,柠檬茶,1,10
QZ-20260619-01,2026-06-19 13:57:00,饿了么,招牌牛肉面,2,48
QZ-20260619-02,2026-06-19 10:04:00,堂食,红烧肥肠面,1,36
QZ-20260619-03,2026-06-19 11:11:00,堂食,番茄鸡蛋面,1,24
QZ-20260619-04,2026-06-19 12:18:00,堂食,酸辣粉,1,20
QZ-20260619-05,2026-06-19 13:25:00,美团外卖,招牌拌面,1,21
QZ-20260619-06,2026-06-19 10:32:00,饿了么,小酥肉,1,26
QZ-20260619-07,2026-06-19 18:39:00,堂食,卤蛋,1,3
QZ-20260619-08,2026-06-19 19:46:00,堂食,冰豆浆,1,5.4
QZ-20260619-09,2026-06-19 20:53:00,堂食,柠檬茶,1,10
QZ-20260619-10,2026-06-19 21:00:00,美团外卖,双人套餐,1,51
QZ-20260619-11,2026-06-19 11:07:00,饿了么,招牌牛肉面,1,24
QZ-20260619-12,2026-06-19 12:14:00,堂食,红烧肥肠面,2,72
QZ-20260619-13,2026-06-19 13:21:00,堂食,番茄鸡蛋面,1,24
QZ-20260619-14,2026-06-19 10:28:00,堂食,酸辣粉,1,20
QZ-20260619-15,2026-06-19 11:35:00,美团外卖,招牌拌面,1,28
QZ-20260619-16,2026-06-19 12:42:00,饿了么,小酥肉,1,19.5
QZ-20260619-17,2026-06-19 20:49:00,堂食,卤蛋,1,3
QZ-20260619-18,2026-06-19 17:56:00,堂食,冰豆浆,1,6
QZ-20260619-19,2026-06-19 18:03:00,堂食,柠檬茶,1,10
QZ-20260619-20,2026-06-19 21:10:00,美团外卖,双人套餐,1,51
QZ-20260620-01,2026-06-20 10:00:00,堂食,招牌牛肉面,2,64
QZ-20260620-02,2026-06-20 11:07:00,堂食,红烧肥肠面,1,36
QZ-20260620-03,2026-06-20 12:14:00,堂食,番茄鸡蛋面,1,24
QZ-20260620-04,2026-06-20 13:21:00,美团外卖,酸辣粉,1,15
QZ-20260620-05,2026-06-20 10:28:00,饿了么,招牌拌面,1,28
QZ-20260620-06,2026-06-20 11:35:00,堂食,小酥肉,1,26
QZ-20260620-07,2026-06-20 19:42:00,堂食,卤蛋,1,2.7
QZ-20260620-08,2026-06-20 20:49:00,堂食,冰豆浆,1,6
QZ-20260620-09,2026-06-20 17:56:00,美团外卖,柠檬茶,1,7.5
QZ-20260620-10,2026-06-20 21:03:00,饿了么,双人套餐,1,51
QZ-20260620-11,2026-06-20 12:10:00,堂食,招牌牛肉面,1,32
QZ-20260620-12,2026-06-20 13:17:00,堂食,红烧肥肠面,2,72
QZ-20260620-13,2026-06-20 10:24:00,堂食,番茄鸡蛋面,1,24
QZ-20260620-14,2026-06-20 11:31:00,美团外卖,酸辣粉,1,20
QZ-20260620-15,2026-06-20 12:38:00,饿了么,招牌拌面,1,21
QZ-20260620-16,2026-06-20 13:45:00,堂食,小酥肉,1,26
QZ-20260620-17,2026-06-20 17:52:00,堂食,卤蛋,1,3
QZ-20260621-01,2026-06-21 11:03:00,堂食,招牌牛肉面,2,64
QZ-20260621-02,2026-06-21 12:10:00,堂食,红烧肥肠面,1,36
QZ-20260621-03,2026-06-21 13:17:00,美团外卖,番茄鸡蛋面,1,18
QZ-20260621-04,2026-06-21 10:24:00,饿了么,酸辣粉,1,20
QZ-20260621-05,2026-06-21 11:31:00,堂食,招牌拌面,1,28
QZ-20260621-06,2026-06-21 12:38:00,堂食,小酥肉,1,23.4
QZ-20260621-07,2026-06-21 20:45:00,堂食,卤蛋,1,3
QZ-20260621-08,2026-06-21 17:52:00,美团外卖,冰豆浆,1,4.5
QZ-20260621-09,2026-06-21 18:59:00,饿了么,柠檬茶,1,7.5
QZ-20260621-10,2026-06-21 21:06:00,堂食,双人套餐,1,68
QZ-20260621-11,2026-06-21 13:13:00,堂食,招牌牛肉面,1,32
QZ-20260621-12,2026-06-21 10:20:00,堂食,红烧肥肠面,2,72
QZ-20260621-13,2026-06-21 11:27:00,美团外卖,番茄鸡蛋面,1,24
QZ-20260621-14,2026-06-21 12:34:00,饿了么,酸辣粉,1,15
QZ-20260621-15,2026-06-21 13:41:00,堂食,招牌拌面,1,28
QZ-20260621-16,2026-06-21 10:48:00,堂食,小酥肉,1,26
QZ-20260621-17,2026-06-21 18:55:00,堂食,卤蛋,1,3
QZ-20260621-18,2026-06-21 19:02:00,美团外卖,冰豆浆,1,4.5
QZ-20260622-01,2026-06-22 12:06:00,堂食,招牌牛肉面,2,64
QZ-20260622-02,2026-06-22 13:13:00,美团外卖,红烧肥肠面,1,27
QZ-20260622-03,2026-06-22 10:20:00,饿了么,番茄鸡蛋面,1,24
QZ-20260622-04,2026-06-22 11:27:00,堂食,酸辣粉,1,20
QZ-20260622-05,2026-06-22 12:34:00,堂食,招牌拌面,1,25.2
QZ-20260622-06,2026-06-22 13:41:00,堂食,小酥肉,1,26
QZ-20260622-07,2026-06-22 17:48:00,美团外卖,卤蛋,1,2.25
QZ-20260622-08,2026-06-22 18:55:00,饿了么,冰豆浆,1,4.5
QZ-20260622-09,2026-06-22 19:02:00,堂食,柠檬茶,1,10
QZ-20260622-10,2026-06-22 21:09:00,堂食,双人套餐,1,68
QZ-20260622-11,2026-06-22 10:16:00,堂食,招牌牛肉面,1,32
QZ-20260622-12,2026-06-22 11:23:00,美团外卖,红烧肥肠面,2,72
QZ-20260622-13,2026-06-22 12:30:00,饿了么,番茄鸡蛋面,1,18
QZ-20260622-14,2026-06-22 13:37:00,堂食,酸辣粉,1,20
QZ-20260622-15,2026-06-22 10:44:00,堂食,招牌拌面,1,28
QZ-20260622-16,2026-06-22 11:51:00,堂食,小酥肉,1,26
QZ-20260622-17,2026-06-22 19:58:00,美团外卖,卤蛋,1,2.25
QZ-20260622-18,2026-06-22 20:05:00,饿了么,冰豆浆,1,6
QZ-20260622-19,2026-06-22 17:12:00,堂食,柠檬茶,1,10
QZ-20260623-01,2026-06-23 13:09:00,美团外卖,招牌牛肉面,2,48
QZ-20260623-02,2026-06-23 10:16:00,饿了么,红烧肥肠面,1,36
QZ-20260623-03,2026-06-23 11:23:00,堂食,番茄鸡蛋面,1,24
QZ-20260623-04,2026-06-23 12:30:00,堂食,酸辣粉,1,18
QZ-20260623-05,2026-06-23 13:37:00,堂食,招牌拌面,1,28
QZ-20260623-06,2026-06-23 10:44:00,美团外卖,小酥肉,1,19.5
QZ-20260623-07,2026-06-23 18:51:00,饿了么,卤蛋,1,2.25
QZ-20260623-08,2026-06-23 19:58:00,堂食,冰豆浆,1,6
QZ-20260623-09,2026-06-23 20:05:00,堂食,柠檬茶,1,10
QZ-20260623-10,2026-06-23 21:12:00,堂食,双人套餐,1,68
QZ-20260623-11,2026-06-23 11:19:00,美团外卖,招牌牛肉面,1,32
QZ-20260623-12,2026-06-23 12:26:00,饿了么,红烧肥肠面,2,54
QZ-20260623-13,2026-06-23 13:33:00,堂食,番茄鸡蛋面,1,24
QZ-20260623-14,2026-06-23 10:40:00,堂食,酸辣粉,1,20
QZ-20260623-15,2026-06-23 11:47:00,堂食,招牌拌面,1,28
QZ-20260623-16,2026-06-23 12:54:00,美团外卖,小酥肉,1,19.5
QZ-20260623-17,2026-06-23 20:01:00,饿了么,卤蛋,1,3
QZ-20260623-18,2026-06-23 17:08:00,堂食,冰豆浆,1,6
QZ-20260623-19,2026-06-23 18:15:00,堂食,柠檬茶,1,10
QZ-20260623-20,2026-06-23 21:22:00,堂食,双人套餐,1,68
QZ-20260624-01,2026-06-24 10:12:00,饿了么,招牌牛肉面,1,32
QZ-20260625-01,2026-06-25 11:15:00,堂食,招牌牛肉面,2,64
QZ-20260625-02,2026-06-25 12:22:00,堂食,红烧肥肠面,1,32.4
QZ-20260625-03,2026-06-25 13:29:00,堂食,番茄鸡蛋面,1,24
QZ-20260625-04,2026-06-25 10:36:00,美团外卖,酸辣粉,1,15
QZ-20260625-05,2026-06-25 11:43:00,饿了么,招牌拌面,1,21
QZ-20260625-06,2026-06-25 12:50:00,堂食,小酥肉,1,26
QZ-20260625-07,2026-06-25 20:57:00,堂食,卤蛋,1,3
QZ-20260625-08,2026-06-25 17:04:00,堂食,冰豆浆,1,6
QZ-20260625-09,2026-06-25 18:11:00,美团外卖,柠檬茶,1,10
QZ-20260625-10,2026-06-25 21:18:00,饿了么,双人套餐,1,51
QZ-20260625-11,2026-06-25 13:25:00,堂食,招牌牛肉面,1,32
QZ-20260625-12,2026-06-25 10:32:00,堂食,红烧肥肠面,2,72
QZ-20260625-13,2026-06-25 11:39:00,堂食,番茄鸡蛋面,1,24
QZ-20260625-14,2026-06-25 12:46:00,美团外卖,酸辣粉,1,15
QZ-20260625-15,2026-06-25 13:53:00,饿了么,招牌拌面,1,28
QZ-20260625-16,2026-06-25 10:00:00,堂食,小酥肉,1,26
QZ-20260625-17,2026-06-25 18:07:00,堂食,卤蛋,1,3
QZ-20260625-18,2026-06-25 19:14:00,堂食,冰豆浆,1,6
QZ-20260626-01,2026-06-26 12:18:00,堂食,招牌牛肉面,2,57.6
QZ-20260626-02,2026-06-26 13:25:00,堂食,红烧肥肠面,1,36
QZ-20260626-03,2026-06-26 10:32:00,美团外卖,番茄鸡蛋面,1,18
QZ-20260626-04,2026-06-26 11:39:00,饿了么,酸辣粉,1,15
QZ-20260626-05,2026-06-26 12:46:00,堂食,招牌拌面,1,28
QZ-20260626-06,2026-06-26 13:53:00,堂食,小酥肉,1,26
QZ-20260626-07,2026-06-26 17:00:00,堂食,卤蛋,1,3
QZ-20260626-08,2026-06-26 18:07:00,美团外卖,冰豆浆,1,6
QZ-20260626-09,2026-06-26 19:14:00,饿了么,柠檬茶,1,7.5
QZ-20260626-10,2026-06-26 21:21:00,堂食,双人套餐,1,68
QZ-20260626-11,2026-06-26 10:28:00,堂食,招牌牛肉面,1,32
QZ-20260626-12,2026-06-26 11:35:00,堂食,红烧肥肠面,2,72
QZ-20260626-13,2026-06-26 12:42:00,美团外卖,番茄鸡蛋面,1,18
QZ-20260626-14,2026-06-26 13:49:00,饿了么,酸辣粉,1,20
QZ-20260626-15,2026-06-26 10:56:00,堂食,招牌拌面,1,28
QZ-20260626-16,2026-06-26 11:03:00,堂食,小酥肉,1,26
QZ-20260626-17,2026-06-26 19:10:00,堂食,卤蛋,1,3
QZ-20260626-18,2026-06-26 20:17:00,美团外卖,冰豆浆,1,4.5
QZ-20260626-19,2026-06-26 17:24:00,饿了么,柠檬茶,1,7.5
QZ-20260627-01,2026-06-27 13:21:00,堂食,招牌牛肉面,2,64
QZ-20260627-02,2026-06-27 10:28:00,美团外卖,红烧肥肠面,1,27
QZ-20260627-03,2026-06-27 11:35:00,饿了么,番茄鸡蛋面,1,18
QZ-20260627-04,2026-06-27 12:42:00,堂食,酸辣粉,1,20
QZ-20260627-05,2026-06-27 13:49:00,堂食,招牌拌面,1,28
QZ-20260627-06,2026-06-27 10:56:00,堂食,小酥肉,1,26
QZ-20260627-07,2026-06-27 18:03:00,美团外卖,卤蛋,1,3
QZ-20260627-08,2026-06-27 19:10:00,饿了么,冰豆浆,1,4.5
QZ-20260627-09,2026-06-27 20:17:00,堂食,柠檬茶,1,10
QZ-20260627-10,2026-06-27 21:24:00,堂食,双人套餐,1,68
QZ-20260627-11,2026-06-27 11:31:00,堂食,招牌牛肉面,1,32
QZ-20260627-12,2026-06-27 12:38:00,美团外卖,红烧肥肠面,2,54
QZ-20260627-13,2026-06-27 13:45:00,饿了么,番茄鸡蛋面,1,24
QZ-20260627-14,2026-06-27 10:52:00,堂食,酸辣粉,1,20
QZ-20260627-15,2026-06-27 11:59:00,堂食,招牌拌面,1,28
QZ-20260627-16,2026-06-27 12:06:00,堂食,小酥肉,1,26
QZ-20260627-17,2026-06-27 20:13:00,美团外卖,卤蛋,1,2.25
QZ-20260627-18,2026-06-27 17:20:00,饿了么,冰豆浆,1,4.5
QZ-20260627-19,2026-06-27 18:27:00,堂食,柠檬茶,1,10
QZ-20260627-20,2026-06-27 21:34:00,堂食,双人套餐,1,68
QZ-20260628-01,2026-06-28 10:24:00,美团外卖,招牌牛肉面,2,48
QZ-20260628-02,2026-06-28 11:31:00,饿了么,红烧肥肠面,1,27
QZ-20260628-03,2026-06-28 12:38:00,堂食,番茄鸡蛋面,1,24
QZ-20260628-04,2026-06-28 13:45:00,堂食,酸辣粉,1,20
QZ-20260628-05,2026-06-28 10:52:00,堂食,招牌拌面,1,28
QZ-20260628-06,2026-06-28 11:59:00,美团外卖,小酥肉,1,26
QZ-20260628-07,2026-06-28 19:06:00,饿了么,卤蛋,1,2.25
QZ-20260628-08,2026-06-28 20:13:00,堂食,冰豆浆,1,6
QZ-20260628-09,2026-06-28 17:20:00,堂食,柠檬茶,1,10
QZ-20260628-10,2026-06-28 21:27:00,堂食,双人套餐,1,68
QZ-20260628-11,2026-06-28 12:34:00,美团外卖,招牌牛肉面,1,24
QZ-20260628-12,2026-06-28 13:41:00,饿了么,红烧肥肠面,2,72
QZ-20260628-13,2026-06-28 10:48:00,堂食,番茄鸡蛋面,1,24
QZ-20260628-14,2026-06-28 11:55:00,堂食,酸辣粉,1,20
QZ-20260628-15,2026-06-28 12:02:00,堂食,招牌拌面,1,28
QZ-20260628-16,2026-06-28 13:09:00,美团外卖,小酥肉,1,19.5
QZ-20260628-17,2026-06-28 17:16:00,饿了么,卤蛋,1,2.25
QZ-20260629-01,2026-06-29 11:27:00,饿了么,招牌牛肉面,2,48
QZ-20260629-02,2026-06-29 12:34:00,堂食,红烧肥肠面,1,36
QZ-20260629-03,2026-06-29 13:41:00,堂食,番茄鸡蛋面,1,24
QZ-20260629-04,2026-06-29 10:48:00,堂食,酸辣粉,1,20
QZ-20260629-05,2026-06-29 11:55:00,美团外卖,招牌拌面,1,28
QZ-20260629-06,2026-06-29 12:02:00,饿了么,小酥肉,1,19.5
QZ-20260629-07,2026-06-29 20:09:00,堂食,卤蛋,1,3
QZ-20260629-08,2026-06-29 17:16:00,堂食,冰豆浆,1,6
QZ-20260629-09,2026-06-29 18:23:00,堂食,柠檬茶,1,10
QZ-20260629-10,2026-06-29 21:30:00,美团外卖,双人套餐,1,51
QZ-20260629-11,2026-06-29 13:37:00,饿了么,招牌牛肉面,1,32
QZ-20260629-12,2026-06-29 10:44:00,堂食,红烧肥肠面,2,72
QZ-20260629-13,2026-06-29 11:51:00,堂食,番茄鸡蛋面,1,24
QZ-20260629-14,2026-06-29 12:58:00,堂食,酸辣粉,1,20
QZ-20260629-15,2026-06-29 13:05:00,美团外卖,招牌拌面,1,21
QZ-20260629-16,2026-06-29 10:12:00,饿了么,小酥肉,1,19.5
QZ-20260629-17,2026-06-29 18:19:00,堂食,卤蛋,1,3
QZ-20260629-18,2026-06-29 19:26:00,堂食,冰豆浆,1,6
QZ-20260630-01,2026-06-30 12:30:00,堂食,招牌牛肉面,2,64
QZ-20260630-02,2026-06-30 13:37:00,堂食,红烧肥肠面,1,36
QZ-20260630-03,2026-06-30 10:44:00,堂食,番茄鸡蛋面,1,24
QZ-20260630-04,2026-06-30 11:51:00,美团外卖,酸辣粉,1,20
QZ-20260630-05,2026-06-30 12:58:00,饿了么,招牌拌面,1,21
QZ-20260630-06,2026-06-30 13:05:00,堂食,小酥肉,1,26
QZ-20260630-07,2026-06-30 17:12:00,堂食,卤蛋,1,3
QZ-20260630-08,2026-06-30 18:19:00,堂食,冰豆浆,1,6
QZ-20260630-09,2026-06-30 19:26:00,美团外卖,柠檬茶,1,7.5
QZ-20260630-10,2026-06-30 21:33:00,饿了么,双人套餐,1,68
QZ-20260630-11,2026-06-30 10:40:00,堂食,招牌牛肉面,1,32
QZ-20260630-12,2026-06-30 11:47:00,堂食,红烧肥肠面,2,72
QZ-20260630-13,2026-06-30 12:54:00,堂食,番茄鸡蛋面,1,24
QZ-20260630-14,2026-06-30 13:01:00,美团外卖,酸辣粉,1,15
QZ-20260630-15,2026-06-30 10:08:00,饿了么,招牌拌面,1,21
QZ-20260630-16,2026-06-30 11:15:00,堂食,小酥肉,1,26
QZ-20260630-17,2026-06-30 19:22:00,堂食,卤蛋,1,3
QZ-20260630-18,2026-06-30 20:29:00,堂食,冰豆浆,1,6
QZ-20260630-19,2026-06-30 17:36:00,美团外卖,柠檬茶,1,10