评论时间,评分,评论内容,渠道
2026-06-01 14:20:00,5,环境干净，服务也很热情,堂食
2026-06-02 14:20:00,4,价格合理，招牌拌面味道不错,堂食
2026-06-03 14:20:00,5,包装完整，配送速度可以,美团外卖
2026-06-03 20:40:00,4,小酥肉味道好，分量合适,堂食
2026-06-04 14:20:00,4,小酥肉味道好，分量合适,堂食
2026-06-05 14:20:00,5,味道稳定，牛肉面分量很足,堂食
2026-06-06 14:20:00,2,外卖配送太慢，包装还有洒漏,美团外卖
2026-06-06 20:40:00,5,价格合理，招牌拌面味道不错,堂食
2026-06-07 14:20:00,5,价格合理，招牌拌面味道不错,堂食
2026-06-08 14:20:00,4,包装完整，配送速度可以,堂食
2026-06-09 14:20:00,5,小酥肉味道好，分量合适,美团外卖
2026-06-09 20:40:00,4,味道稳定，牛肉面分量很足,堂食
2026-06-10 14:20:00,4,味道稳定，牛肉面分量很足,堂食
2026-06-11 14:20:00,5,环境干净，服务也很热情,堂食
2026-06-12 14:20:00,2,味道偏咸，分量也比以前少,美团外卖
2026-06-12 20:40:00,5,包装完整，配送速度可以,堂食
2026-06-13 14:20:00,5,包装完整，配送速度可以,堂食
2026-06-14 14:20:00,4,小酥肉味道好，分量合适,堂食
2026-06-15 14:20:00,5,味道稳定，牛肉面分量很足,美团外卖
2026-06-15 20:40:00,4,环境干净，服务也很热情,堂食
2026-06-16 14:20:00,2,外卖配送太慢，包装还有洒漏,堂食
2026-06-17 14:20:00,3,味道偏咸，分量也比以前少,堂食
2026-06-18 14:20:00,4,包装完整，配送速度可以,美团外卖
2026-06-18 20:40:00,3,漏送了卤蛋，联系后处理也慢,堂食
2026-06-19 14:20:00,3,漏送了卤蛋，联系后处理也慢,堂食
2026-06-20 14:20:00,2,午市出餐慢，等了很久,堂食
2026-06-21 14:20:00,5,环境干净，服务也很热情,美团外卖
2026-06-21 20:40:00,2,味道偏咸，分量也比以前少,堂食
2026-06-22 14:20:00,2,味道偏咸，分量也比以前少,堂食
2026-06-23 14:20:00,3,服务响应慢，环境卫生需要改善,堂食
2026-06-24 14:20:00,4,小酥肉味道好，分量合适,美团外卖
2026-06-24 20:40:00,3,午市出餐慢，等了很久,堂食
2026-06-25 14:20:00,3,午市出餐慢，等了很久,堂食
2026-06-26 14:20:00,2,外卖配送太慢，包装还有洒漏,堂食
2026-06-27 14:20:00,5,价格合理，招牌拌面味道不错,美团外卖
2026-06-27 20:40:00,2,服务响应慢，环境卫生需要改善,堂食
2026-06-28 14:20:00,2,服务响应慢，环境卫生需要改善,堂食
2026-06-29 14:20:00,3,漏送了卤蛋，联系后处理也慢,堂食
2026-06-30 14:20:00,4,味道稳定，牛肉面分量很足,美团外卖
2026-06-30 20:40:00,3,外卖配送太慢，包装还有洒漏,堂食