review_time,rating,content,channel
2026-05-01 16:18:00,3,环境还行，但服务响应有点慢,dine_in
2026-05-01 15:25:00,3,整体中规中矩，希望菜单多些选择,meituan_delivery
2026-05-01 19:54:00,3,环境还行，但服务响应有点慢,dine_in
2026-05-01 17:44:00,5,味道稳定，分量合适，下次还会来,dine_in
2026-05-01 13:32:00,3,整体中规中矩，希望菜单多些选择,dine_in
2026-05-01 19:38:00,3,整体中规中矩，希望菜单多些选择,eleme_delivery
2026-05-02 17:09:00,1,招牌菜味道重但有点油，价格不低,eleme_delivery
2026-05-02 21:01:00,4,味道稳定，分量合适，下次还会来,dine_in
2026-05-02 17:36:00,2,味道可以，不过高价菜性价比一般,eleme_delivery
2026-05-02 17:26:00,5,服务热情，环境干净，价格可以接受,dine_in
2026-05-02 13:21:00,1,味道可以，不过高价菜性价比一般,eleme_delivery
2026-05-03 12:55:00,5,出餐很快，包装完整，配送也及时,dine_in
2026-05-03 11:21:00,4,招牌产品味道不错，分量比预期足,dine_in
2026-05-03 21:25:00,5,出餐很快，包装完整，配送也及时,dine_in
2026-05-04 14:45:00,4,味道稳定，分量合适，下次还会来,dine_in
2026-05-04 13:39:00,4,味道稳定，分量合适，下次还会来,meituan_delivery
2026-05-04 17:03:00,4,出餐很快，包装完整，配送也及时,meituan_delivery
2026-05-04 12:57:00,5,味道稳定，分量合适，下次还会来,eleme_delivery
2026-05-04 18:09:00,5,招牌产品味道不错，分量比预期足,meituan_delivery
2026-05-05 14:21:00,1,味道可以，不过高价菜性价比一般,meituan_delivery
2026-05-05 13:10:00,3,整体中规中矩，希望菜单多些选择,dine_in
2026-05-05 15:50:00,4,味道稳定，分量合适，下次还会来,dine_in
2026-05-05 20:58:00,3,配送时间正常，包装可以再结实些,dine_in
2026-05-05 13:33:00,2,味道可以，不过高价菜性价比一般,meituan_delivery
2026-05-06 13:46:00,3,整体中规中矩，希望菜单多些选择,meituan_delivery
2026-05-06 18:10:00,5,服务热情，环境干净，价格可以接受,eleme_delivery
2026-05-06 18:01:00,5,服务热情，环境干净，价格可以接受,meituan_delivery
2026-05-06 14:19:00,5,味道稳定，分量合适，下次还会来,meituan_delivery
2026-05-06 19:12:00,3,配送时间正常，包装可以再结实些,dine_in
2026-05-06 12:43:00,5,味道稳定，分量合适，下次还会来,meituan_delivery
2026-05-07 19:17:00,5,招牌产品味道不错，分量比预期足,dine_in
2026-05-07 16:35:00,5,招牌产品味道不错，分量比预期足,meituan_delivery
2026-05-07 15:58:00,4,味道稳定，分量合适，下次还会来,dine_in
2026-05-07 15:07:00,5,服务热情，环境干净，价格可以接受,dine_in
2026-05-07 11:04:00,5,服务热情，环境干净，价格可以接受,dine_in
2026-05-07 10:06:00,5,招牌产品味道不错，分量比预期足,takeout
2026-05-08 11:58:00,5,招牌产品味道不错，分量比预期足,eleme_delivery
2026-05-08 17:20:00,5,招牌产品味道不错，分量比预期足,dine_in
2026-05-08 12:55:00,4,服务热情，环境干净，价格可以接受,dine_in
2026-05-08 14:17:00,5,服务热情，环境干净，价格可以接受,takeout
2026-05-08 20:19:00,3,环境还行，但服务响应有点慢,eleme_delivery
2026-05-08 19:47:00,2,招牌菜味道重但有点油，价格不低,meituan_delivery
2026-05-09 18:59:00,3,配送时间正常，包装可以再结实些,eleme_delivery
2026-05-09 11:47:00,5,味道稳定，分量合适，下次还会来,dine_in
2026-05-09 18:34:00,3,味道一般，价格略高，分量还可以,dine_in
2026-05-09 21:55:00,5,出餐很快，包装完整，配送也及时,dine_in
2026-05-09 18:17:00,4,味道稳定，分量合适，下次还会来,dine_in
2026-05-09 17:00:00,4,招牌产品味道不错，分量比预期足,dine_in
2026-05-10 10:18:00,4,服务热情，环境干净，价格可以接受,meituan_delivery
2026-05-10 11:57:00,4,招牌产品味道不错，分量比预期足,dine_in
2026-05-10 14:07:00,3,环境还行，但服务响应有点慢,meituan_delivery
2026-05-10 11:35:00,4,出餐很快，包装完整，配送也及时,takeout
2026-05-10 20:24:00,5,味道稳定，分量合适，下次还会来,dine_in
2026-05-10 12:43:00,2,热门菜分量一般，其他菜选择太少,meituan_delivery
2026-05-11 10:33:00,5,服务热情，环境干净，价格可以接受,takeout
2026-05-11 18:56:00,5,服务热情，环境干净，价格可以接受,takeout
2026-05-11 11:51:00,1,味道可以，不过高价菜性价比一般,takeout
2026-05-11 20:15:00,5,出餐很快，包装完整，配送也及时,takeout
2026-05-11 21:33:00,5,出餐很快，包装完整，配送也及时,meituan_delivery
2026-05-11 16:24:00,4,服务热情，环境干净，价格可以接受,eleme_delivery
2026-05-12 20:10:00,4,味道稳定，分量合适，下次还会来,dine_in
2026-05-12 14:48:00,4,招牌产品味道不错，分量比预期足,dine_in
2026-05-12 17:31:00,3,整体中规中矩，希望菜单多些选择,dine_in
2026-05-13 17:13:00,4,出餐很快，包装完整，配送也及时,meituan_delivery
2026-05-13 20:52:00,3,整体中规中矩，希望菜单多些选择,eleme_delivery
2026-05-13 11:29:00,5,出餐很快，包装完整，配送也及时,dine_in
2026-05-13 17:01:00,4,服务热情，环境干净，价格可以接受,meituan_delivery
2026-05-13 12:07:00,4,招牌产品味道不错，分量比预期足,eleme_delivery
2026-05-14 16:24:00,4,招牌产品味道不错，分量比预期足,takeout
2026-05-14 10:31:00,5,出餐很快，包装完整，配送也及时,takeout
2026-05-14 18:47:00,3,配送时间正常，包装可以再结实些,takeout
2026-05-14 16:49:00,3,配送时间正常，包装可以再结实些,dine_in
2026-05-15 12:10:00,3,环境还行，但服务响应有点慢,eleme_delivery
2026-05-15 14:00:00,5,招牌产品味道不错，分量比预期足,dine_in
2026-05-15 14:33:00,4,招牌产品味道不错，分量比预期足,dine_in
2026-05-16 19:51:00,1,招牌菜味道重但有点油，价格不低,takeout
2026-05-16 13:27:00,2,招牌菜味道重但有点油，价格不低,dine_in
2026-05-16 14:11:00,3,环境还行，但服务响应有点慢,meituan_delivery
2026-05-17 15:37:00,1,味道可以，不过高价菜性价比一般,meituan_delivery
2026-05-17 14:16:00,5,出餐很快，包装完整，配送也及时,takeout
2026-05-17 17:19:00,5,招牌产品味道不错，分量比预期足,dine_in
2026-05-18 20:38:00,5,出餐很快，包装完整，配送也及时,dine_in
2026-05-18 12:57:00,2,味道可以，不过高价菜性价比一般,eleme_delivery
2026-05-18 14:51:00,4,味道稳定，分量合适，下次还会来,takeout
2026-05-18 12:43:00,5,出餐很快，包装完整，配送也及时,dine_in
2026-05-19 11:57:00,3,环境还行，但服务响应有点慢,dine_in
2026-05-19 16:13:00,3,整体中规中矩，希望菜单多些选择,meituan_delivery
2026-05-19 21:18:00,1,热门菜分量一般，其他菜选择太少,meituan_delivery
2026-05-20 14:00:00,4,味道稳定，分量合适，下次还会来,meituan_delivery
2026-05-20 21:45:00,4,招牌产品味道不错，分量比预期足,eleme_delivery
2026-05-20 10:04:00,2,味道可以，不过高价菜性价比一般,dine_in
2026-05-20 21:48:00,1,招牌菜味道重但有点油，价格不低,dine_in
2026-05-20 20:07:00,3,整体中规中矩，希望菜单多些选择,dine_in
2026-05-21 15:21:00,2,味道可以，不过高价菜性价比一般,dine_in
2026-05-21 10:19:00,2,热门菜分量一般，其他菜选择太少,eleme_delivery
2026-05-21 20:54:00,1,热门菜分量一般，其他菜选择太少,dine_in
2026-05-21 19:45:00,4,招牌产品味道不错，分量比预期足,dine_in
2026-05-21 15:08:00,5,招牌产品味道不错，分量比预期足,meituan_delivery
2026-05-21 10:29:00,5,服务热情，环境干净，价格可以接受,dine_in
2026-05-22 18:32:00,3,配送时间正常，包装可以再结实些,dine_in
2026-05-22 20:08:00,4,招牌产品味道不错，分量比预期足,dine_in
2026-05-22 13:46:00,5,出餐很快，包装完整，配送也及时,meituan_delivery
2026-05-22 18:00:00,5,味道稳定，分量合适，下次还会来,takeout
2026-05-22 11:38:00,5,出餐很快，包装完整，配送也及时,takeout
2026-05-22 13:01:00,3,味道一般，价格略高，分量还可以,eleme_delivery
2026-05-23 11:54:00,5,味道稳定，分量合适，下次还会来,eleme_delivery
2026-05-23 18:19:00,4,味道稳定，分量合适，下次还会来,meituan_delivery
2026-05-23 15:12:00,5,招牌产品味道不错，分量比预期足,dine_in
2026-05-23 10:02:00,4,服务热情，环境干净，价格可以接受,eleme_delivery
2026-05-23 17:30:00,3,整体中规中矩，希望菜单多些选择,takeout
2026-05-23 20:06:00,2,热门菜分量一般，其他菜选择太少,meituan_delivery
2026-05-24 16:46:00,3,环境还行，但服务响应有点慢,takeout
2026-05-24 18:10:00,3,环境还行，但服务响应有点慢,dine_in
2026-05-24 16:33:00,5,服务热情，环境干净，价格可以接受,dine_in
2026-05-24 19:14:00,5,味道稳定，分量合适，下次还会来,meituan_delivery
2026-05-24 14:12:00,5,出餐很快，包装完整，配送也及时,meituan_delivery
2026-05-25 10:32:00,5,出餐很快，包装完整，配送也及时,meituan_delivery
2026-05-25 21:05:00,5,服务热情，环境干净，价格可以接受,dine_in
2026-05-25 21:20:00,3,配送时间正常，包装可以再结实些,meituan_delivery
2026-05-25 15:02:00,4,服务热情，环境干净，价格可以接受,meituan_delivery
2026-05-25 18:53:00,4,出餐很快，包装完整，配送也及时,dine_in
2026-05-26 12:52:00,2,味道可以，不过高价菜性价比一般,meituan_delivery
2026-05-26 13:41:00,2,热门菜分量一般，其他菜选择太少,dine_in
2026-05-26 21:57:00,3,热门菜分量一般，其他菜选择太少,takeout
2026-05-26 15:53:00,3,整体中规中矩，希望菜单多些选择,meituan_delivery
2026-05-26 15:01:00,1,热门菜分量一般，其他菜选择太少,dine_in
2026-05-27 18:47:00,1,味道可以，不过高价菜性价比一般,meituan_delivery
2026-05-27 12:59:00,5,出餐很快，包装完整，配送也及时,takeout
2026-05-27 15:07:00,3,味道一般，价格略高，分量还可以,dine_in
2026-05-27 12:37:00,5,招牌产品味道不错，分量比预期足,meituan_delivery
2026-05-27 19:44:00,2,热门菜分量一般，其他菜选择太少,dine_in
2026-05-28 17:31:00,5,味道稳定，分量合适，下次还会来,dine_in
2026-05-28 17:36:00,5,招牌产品味道不错，分量比预期足,meituan_delivery
2026-05-28 15:46:00,5,服务热情，环境干净，价格可以接受,dine_in
2026-05-28 12:05:00,2,味道可以，不过高价菜性价比一般,dine_in
2026-05-29 11:44:00,5,招牌产品味道不错，分量比预期足,dine_in
2026-05-29 13:50:00,3,味道一般，价格略高，分量还可以,meituan_delivery
2026-05-29 14:21:00,5,服务热情，环境干净，价格可以接受,dine_in
2026-05-30 10:31:00,5,招牌产品味道不错，分量比预期足,dine_in
2026-05-30 21:55:00,2,味道可以，不过高价菜性价比一般,meituan_delivery
2026-05-30 16:58:00,5,出餐很快，包装完整，配送也及时,dine_in
2026-05-30 20:14:00,5,服务热情，环境干净，价格可以接受,dine_in
2026-05-30 18:36:00,2,热门菜分量一般，其他菜选择太少,dine_in
2026-05-30 13:25:00,4,出餐很快，包装完整，配送也及时,takeout
2026-05-31 14:17:00,2,招牌菜味道重但有点油，价格不低,meituan_delivery
2026-05-31 12:38:00,1,热门菜分量一般，其他菜选择太少,meituan_delivery
2026-05-31 10:02:00,3,整体中规中矩，希望菜单多些选择,dine_in
2026-05-31 21:21:00,4,味道稳定，分量合适，下次还会来,dine_in
2026-05-31 12:48:00,3,环境还行，但服务响应有点慢,dine_in
2026-05-31 14:09:00,3,味道一般，价格略高，分量还可以,meituan_delivery
2026-06-01 20:17:00,3,环境还行，但服务响应有点慢,dine_in
2026-06-01 15:13:00,1,招牌菜味道重但有点油，价格不低,dine_in
2026-06-01 18:19:00,5,招牌产品味道不错，分量比预期足,dine_in
2026-06-01 11:06:00,4,招牌产品味道不错，分量比预期足,dine_in
2026-06-01 15:37:00,5,味道稳定，分量合适，下次还会来,meituan_delivery
2026-06-01 15:03:00,2,招牌菜味道重但有点油，价格不低,eleme_delivery
2026-06-02 12:58:00,5,招牌产品味道不错，分量比预期足,meituan_delivery
2026-06-02 19:42:00,2,招牌菜味道重但有点油，价格不低,eleme_delivery
2026-06-02 12:05:00,5,味道稳定，分量合适，下次还会来,meituan_delivery
2026-06-02 10:32:00,5,招牌产品味道不错，分量比预期足,eleme_delivery
2026-06-02 18:04:00,5,味道稳定，分量合适，下次还会来,meituan_delivery
2026-06-03 10:58:00,5,服务热情，环境干净，价格可以接受,meituan_delivery
2026-06-03 18:46:00,2,招牌菜味道重但有点油，价格不低,eleme_delivery
2026-06-03 11:56:00,3,配送时间正常，包装可以再结实些,dine_in
2026-06-04 13:59:00,5,服务热情，环境干净，价格可以接受,meituan_delivery
2026-06-04 13:28:00,4,出餐很快，包装完整，配送也及时,takeout
2026-06-04 11:15:00,3,热门菜分量一般，其他菜选择太少,meituan_delivery
2026-06-05 15:21:00,5,出餐很快，包装完整，配送也及时,dine_in
2026-06-05 17:17:00,2,热门菜分量一般，其他菜选择太少,dine_in
2026-06-05 15:26:00,5,味道稳定，分量合适，下次还会来,dine_in
2026-06-05 18:11:00,4,味道稳定，分量合适，下次还会来,dine_in
2026-06-05 13:52:00,5,出餐很快，包装完整，配送也及时,meituan_delivery
2026-06-05 19:25:00,5,味道稳定，分量合适，下次还会来,dine_in
2026-06-06 11:03:00,4,出餐很快，包装完整，配送也及时,dine_in
2026-06-06 19:57:00,2,味道可以，不过高价菜性价比一般,meituan_delivery
2026-06-06 16:25:00,3,环境还行，但服务响应有点慢,dine_in
2026-06-06 14:08:00,5,味道稳定，分量合适，下次还会来,dine_in
2026-06-06 15:49:00,3,配送时间正常，包装可以再结实些,dine_in
2026-06-06 16:39:00,2,招牌菜味道重但有点油，价格不低,dine_in
2026-06-07 10:45:00,4,招牌产品味道不错，分量比预期足,dine_in
2026-06-07 21:23:00,4,出餐很快，包装完整，配送也及时,takeout
2026-06-07 16:31:00,4,招牌产品味道不错，分量比预期足,dine_in
2026-06-08 20:33:00,3,环境还行，但服务响应有点慢,dine_in
2026-06-08 17:04:00,3,环境还行，但服务响应有点慢,dine_in
2026-06-08 15:43:00,3,整体中规中矩，希望菜单多些选择,dine_in
2026-06-08 14:49:00,1,味道可以，不过高价菜性价比一般,dine_in
2026-06-08 13:21:00,5,招牌产品味道不错，分量比预期足,dine_in
2026-06-09 12:00:00,3,配送时间正常，包装可以再结实些,dine_in
2026-06-09 14:24:00,1,热门菜分量一般，其他菜选择太少,meituan_delivery
2026-06-09 10:46:00,3,环境还行，但服务响应有点慢,meituan_delivery
2026-06-09 18:12:00,3,味道一般，价格略高，分量还可以,dine_in
2026-06-10 16:28:00,4,出餐很快，包装完整，配送也及时,takeout
2026-06-10 14:45:00,4,服务热情，环境干净，价格可以接受,dine_in
2026-06-10 19:44:00,1,招牌菜味道重但有点油，价格不低,dine_in
2026-06-11 21:41:00,5,出餐很快，包装完整，配送也及时,takeout
2026-06-11 13:00:00,3,配送时间正常，包装可以再结实些,meituan_delivery
2026-06-11 21:25:00,4,招牌产品味道不错，分量比预期足,dine_in
2026-06-11 16:13:00,5,味道稳定，分量合适，下次还会来,takeout
2026-06-12 21:36:00,5,招牌产品味道不错，分量比预期足,meituan_delivery
2026-06-12 21:36:00,4,出餐很快，包装完整，配送也及时,takeout
2026-06-12 18:36:00,4,出餐很快，包装完整，配送也及时,eleme_delivery
2026-06-13 19:40:00,4,服务热情，环境干净，价格可以接受,eleme_delivery
2026-06-13 14:57:00,5,味道稳定，分量合适，下次还会来,eleme_delivery
2026-06-13 13:43:00,5,出餐很快，包装完整，配送也及时,eleme_delivery
2026-06-13 17:42:00,5,服务热情，环境干净，价格可以接受,dine_in
2026-06-13 13:38:00,3,配送时间正常，包装可以再结实些,dine_in
2026-06-14 10:08:00,5,出餐很快，包装完整，配送也及时,dine_in
2026-06-14 15:22:00,4,服务热情，环境干净，价格可以接受,takeout
2026-06-14 20:47:00,3,味道一般，价格略高，分量还可以,dine_in
2026-06-14 19:36:00,5,招牌产品味道不错，分量比预期足,takeout
2026-06-14 15:54:00,3,配送时间正常，包装可以再结实些,eleme_delivery
2026-06-14 16:08:00,4,服务热情，环境干净，价格可以接受,meituan_delivery
2026-06-15 11:51:00,3,环境还行，但服务响应有点慢,eleme_delivery
2026-06-15 12:59:00,5,招牌产品味道不错，分量比预期足,dine_in
2026-06-15 10:45:00,3,味道一般，价格略高，分量还可以,dine_in
2026-06-15 16:05:00,5,味道稳定，分量合适，下次还会来,meituan_delivery
2026-06-15 18:41:00,3,整体中规中矩，希望菜单多些选择,takeout
2026-06-15 19:11:00,4,味道稳定，分量合适，下次还会来,dine_in
2026-06-16 20:00:00,1,热门菜分量一般，其他菜选择太少,takeout
2026-06-16 20:35:00,5,招牌产品味道不错，分量比预期足,eleme_delivery
2026-06-16 20:49:00,4,招牌产品味道不错，分量比预期足,dine_in
2026-06-16 21:34:00,2,味道可以，不过高价菜性价比一般,dine_in
2026-06-16 20:33:00,3,味道一般，价格略高，分量还可以,dine_in
2026-06-16 17:23:00,1,招牌菜味道重但有点油，价格不低,eleme_delivery
2026-06-17 15:02:00,4,招牌产品味道不错，分量比预期足,dine_in
2026-06-17 14:58:00,3,环境还行，但服务响应有点慢,dine_in
2026-06-17 17:37:00,5,出餐很快，包装完整，配送也及时,takeout
2026-06-17 10:32:00,3,味道一般，价格略高，分量还可以,dine_in
2026-06-17 14:50:00,3,配送时间正常，包装可以再结实些,eleme_delivery
2026-06-18 18:53:00,3,味道一般，价格略高，分量还可以,meituan_delivery
2026-06-18 21:09:00,5,出餐很快，包装完整，配送也及时,meituan_delivery
2026-06-18 21:03:00,3,整体中规中矩，希望菜单多些选择,dine_in
2026-06-18 13:40:00,3,环境还行，但服务响应有点慢,dine_in
2026-06-19 16:37:00,3,味道一般，价格略高，分量还可以,meituan_delivery
2026-06-19 10:42:00,5,招牌产品味道不错，分量比预期足,dine_in
2026-06-19 13:47:00,5,味道稳定，分量合适，下次还会来,dine_in
2026-06-19 14:25:00,3,整体中规中矩，希望菜单多些选择,meituan_delivery
2026-06-19 21:58:00,3,环境还行，但服务响应有点慢,dine_in
2026-06-20 21:29:00,5,服务热情，环境干净，价格可以接受,dine_in
2026-06-20 10:19:00,5,服务热情，环境干净，价格可以接受,takeout
2026-06-20 21:34:00,5,服务热情，环境干净，价格可以接受,dine_in
2026-06-21 10:34:00,3,味道一般，价格略高，分量还可以,meituan_delivery
2026-06-21 18:41:00,5,出餐很快，包装完整，配送也及时,meituan_delivery
2026-06-21 15:35:00,1,招牌菜味道重但有点油，价格不低,eleme_delivery
2026-06-21 14:55:00,5,服务热情，环境干净，价格可以接受,takeout
2026-06-21 15:53:00,4,味道稳定，分量合适，下次还会来,dine_in
2026-06-21 13:31:00,3,环境还行，但服务响应有点慢,dine_in
2026-06-22 21:24:00,1,味道可以，不过高价菜性价比一般,eleme_delivery
2026-06-22 20:01:00,3,整体中规中矩，希望菜单多些选择,eleme_delivery
2026-06-22 21:20:00,1,味道可以，不过高价菜性价比一般,dine_in
2026-06-22 19:17:00,4,招牌产品味道不错，分量比预期足,meituan_delivery
2026-06-22 12:06:00,5,招牌产品味道不错，分量比预期足,dine_in
2026-06-22 10:48:00,5,味道稳定，分量合适，下次还会来,dine_in
2026-06-23 16:56:00,3,配送时间正常，包装可以再结实些,dine_in
2026-06-23 17:10:00,3,整体中规中矩，希望菜单多些选择,dine_in
2026-06-23 11:25:00,3,环境还行，但服务响应有点慢,dine_in
2026-06-23 21:39:00,4,味道稳定，分量合适，下次还会来,takeout
2026-06-24 10:12:00,5,招牌产品味道不错，分量比预期足,eleme_delivery
2026-06-24 14:28:00,5,味道稳定，分量合适，下次还会来,takeout
2026-06-24 15:23:00,3,配送时间正常，包装可以再结实些,dine_in
2026-06-25 12:17:00,2,味道可以，不过高价菜性价比一般,meituan_delivery
2026-06-25 17:05:00,3,配送时间正常，包装可以再结实些,takeout
2026-06-25 18:25:00,5,招牌产品味道不错，分量比预期足,dine_in
2026-06-26 16:09:00,3,整体中规中矩，希望菜单多些选择,dine_in
2026-06-26 10:48:00,1,热门菜分量一般，其他菜选择太少,dine_in
2026-06-26 10:56:00,4,服务热情，环境干净，价格可以接受,dine_in
2026-06-26 14:58:00,3,环境还行，但服务响应有点慢,dine_in
2026-06-26 20:15:00,3,味道一般，价格略高，分量还可以,takeout
2026-06-27 20:54:00,1,招牌菜味道重但有点油，价格不低,meituan_delivery
2026-06-27 16:00:00,5,味道稳定，分量合适，下次还会来,takeout
2026-06-27 14:30:00,1,热门菜分量一般，其他菜选择太少,eleme_delivery
2026-06-27 19:53:00,4,招牌产品味道不错，分量比预期足,dine_in
2026-06-27 11:13:00,3,整体中规中矩，希望菜单多些选择,dine_in
2026-06-27 19:31:00,1,味道可以，不过高价菜性价比一般,meituan_delivery
2026-06-28 15:22:00,4,味道稳定，分量合适，下次还会来,dine_in
2026-06-28 21:54:00,4,出餐很快，包装完整，配送也及时,dine_in
2026-06-28 15:29:00,3,味道一般，价格略高，分量还可以,eleme_delivery
2026-06-29 18:49:00,4,服务热情，环境干净，价格可以接受,eleme_delivery
2026-06-29 17:11:00,5,味道稳定，分量合适，下次还会来,dine_in
2026-06-29 11:13:00,5,味道稳定，分量合适，下次还会来,eleme_delivery
2026-06-29 12:18:00,4,味道稳定，分量合适，下次还会来,dine_in
2026-06-29 15:01:00,3,环境还行，但服务响应有点慢,dine_in
2026-06-29 21:59:00,4,招牌产品味道不错，分量比预期足,meituan_delivery
